{"cameraMode":{"drawMode":0,"name":"Shaded","section":"Shading Mode"},"sceneLighting":true,"audioPlay":false,"sceneViewState":{"m_AlwaysRefresh":false,"showFog":true,"showSkybox":true,"showFlares":true,"showImageEffects":true,"showParticleSystems":true,"showVisualEffectGraphs":true,"m_FxEnabled":false},"in2DMode":false,"pivot":{"x":4.028600215911865,"y":-8.77577018737793,"z":92.26410675048828},"rotation":{"x":-0.07761237025260925,"y":-0.002995471702888608,"z":-0.00023398904886562377,"w":0.9969845414161682},"size":61.614898681640628,"orthographic":false}